Model,Accuracy,Recall,F1 Score,ROC-AUC
Logistic Regression,0.6598639455782312,0.6808510638297872,0.3902439024390244,0.7344301834783358
Random Forest,0.826530612244898,0.0851063829787234,0.13559322033898305,0.7692307692307692
XGBoost,0.8605442176870748,0.40425531914893614,0.4810126582278481,0.7640623654061504
